<?xml version="1.0" encoding="UTF-8"?>
<!DOCTYPE mapper PUBLIC "-//mybatis.org//DTD Mapper 3.0//EN" "http://mybatis.org/dtd/mybatis-3-mapper.dtd">
<mapper namespace="com.example.mybatisplus.mapper.BoardMapper">

    <!-- 通用查询映射结果 -->
    <resultMap id="BaseResultMap" type="com.example.mybatisplus.model.domain.Board">
        <id column="board_id" property="boardId" />
        <result column="title" property="title" />
        <result column="content" property="content" />
        <result column="time" property="time" />
        <result column="image" property="image" />
    </resultMap>
    <select id="getall" resultType="com.example.mybatisplus.model.domain.Board">
        select * from board;
    </select>

</mapper>
